Nome,cidade,bio,idade
Danilo Moraes,Barbosa de Castro,"Natus corrupti recusandae libero. Placeat suscipit at ipsum. Sapiente totam voluptatem.
Eos a veritatis esse asperiores necessitatibus. Illo dolor ab reprehenderit a necessitatibus nulla.",26
Theo Pinto,da Mota do Amparo,"Unde distinctio aperiam vel.
Inventore occaecati ipsam labore officiis itaque nostrum quisquam.",86
Paulo Rocha,Fernandes,Debitis perspiciatis quidem ipsum voluptatem voluptates iure. Veritatis natus illo error impedit earum.,59
Ana Sophia Caldeira,Viana,Nemo aliquid quaerat iure repellendus rerum. Fugiat tempore aut officia consequuntur.,82
Maria Luiza Cunha,Pires de Gonçalves,Perspiciatis veritatis nihil dolorum recusandae blanditiis repellendus. Nobis aspernatur eligendi odit consequuntur facilis rem. Sequi voluptas aperiam vitae aspernatur. Sunt velit qui voluptatem.,72
Gustavo Henrique Lopes,da Rosa da Praia,Aperiam fugit ab. Magni animi modi impedit. Aliquam distinctio hic ducimus. Porro beatae dolorem architecto ut error.,79
Dr. Samuel Silveira,Aragão,"Modi adipisci laborum. Magni maxime est repellat reiciendis expedita. Iusto dolore similique culpa esse eligendi.
Iure fugiat tenetur consequuntur autem nesciunt.",54
Benício Cunha,Fernandes,Adipisci unde amet dicta corrupti nesciunt. Fugit perferendis nesciunt occaecati perspiciatis.,71
Luna Nunes,Rodrigues da Prata,Praesentium harum nostrum nostrum atque cupiditate perferendis ullam. Ipsum dolores ipsa provident perferendis incidunt dolor.,54
Bárbara Cavalcanti,Gonçalves,Quaerat quasi deserunt libero nam incidunt exercitationem. Tenetur magni nobis debitis distinctio beatae.,39
Luna Carvalho,Mendes,Adipisci unde magni sequi consectetur at debitis. Exercitationem exercitationem pariatur distinctio deserunt aut. Adipisci commodi accusantium dolore ipsa quaerat.,32
Maitê Pereira,Lima,"Nostrum consectetur sed nisi voluptate voluptatum. Blanditiis doloribus alias tenetur officia.
Error culpa expedita asperiores alias esse id. Similique esse alias cupiditate ex. Possimus quae quae.",72
Guilherme Cavalcanti,Moreira,"Tempore laboriosam amet facilis esse. Ratione fugit distinctio veritatis quo eaque amet provident.
Repellat odit laborum. Nemo rerum reiciendis ut quisquam distinctio illo.",28
Yago Pereira,da Paz de Azevedo,"Pariatur dicta ipsam dolorem reprehenderit quidem. Incidunt quae ipsum culpa. Quo quo veritatis sequi ipsa harum totam.
Officia nesciunt doloremque aliquid excepturi. Cumque unde eius quia molestias.",81
Luiz Miguel Silva,Novaes de Minas,"Officiis vitae nobis culpa voluptate. Quod nulla fugit enim itaque consequatur.
Quibusdam aspernatur labore occaecati nesciunt cum nisi incidunt. Expedita aliquid soluta repellendus ipsam eligendi.",90
Cecília da Luz,Fogaça Verde,Nesciunt cum porro facere iste dignissimos iste. Repellat provident porro dignissimos impedit aliquid. Corporis cum commodi tempore dignissimos.,74
Alexia Farias,Teixeira,Omnis officiis possimus doloremque esse sed soluta. Deserunt distinctio ut quam repudiandae. Quia assumenda possimus fugiat consequuntur porro facilis quod.,53
João Pedro Ribeiro,Gonçalves do Sul,"Provident cumque nobis sunt itaque et accusantium.
Eius culpa totam consequatur nihil. Odit laboriosam labore quo laudantium omnis ab.",82
Diego Fogaça,Moura,"Reiciendis commodi consequatur quaerat adipisci labore impedit.
Ratione ut soluta aperiam laborum vitae quam. Sequi vitae minima sunt quae.",18
Olivia da Mota,Nogueira,"Error perferendis odio labore sapiente. Doloribus necessitatibus omnis eaque illum dolorum a.
Quis sunt repellat corporis. Consectetur illo quam amet magni.",59
Emanuella Peixoto,Almeida da Serra,Sapiente quas asperiores inventore. Ipsum amet expedita quaerat asperiores ipsam. Dolorum atque dolorum quod. Animi ratione maiores molestias reiciendis.,36
Davi Lucas Duarte,da Paz de Fernandes,Harum dolore expedita nihil odio reprehenderit aliquid voluptate. Quidem voluptates pariatur eos culpa officiis ipsa.,81
Gustavo Martins,Barbosa de Rocha,"Totam recusandae pariatur dignissimos corporis. Alias dolores quam libero nulla vero dolorum. Deserunt magni eaque deleniti error.
Eligendi nihil ipsa nobis. Quo nihil hic eos.",48
Maysa Pires,Cunha do Campo,Iste in ipsam odio nisi labore. Nostrum quam dolores aspernatur sequi molestias sint. Ullam provident ea adipisci harum corporis deleniti dolorem.,45
Dra. Mirella Gonçalves,Barros,Harum rerum ratione quidem quia molestias quas. Unde eaque modi nobis quis numquam ipsam. Ipsa minima delectus eveniet possimus.,79
Dr. Vicente Aragão,da Cruz do Amparo,"Vitae ducimus quasi quos. Consectetur cumque laudantium ea.
Placeat veniam eaque ipsa numquam accusamus. Velit expedita totam similique totam nemo. Ea recusandae earum rem.",49
Ana Laura Jesus,Cardoso do Campo,"Debitis ex cum a aut quos quae. Error architecto soluta doloremque.
Enim sed dolorum.",32
Mariana Rezende,Fogaça,Odit repudiandae ipsum. Eveniet consequatur atque. Illum reprehenderit non deleniti nulla sint.,69
Luigi Gomes,Cardoso,"Facilis sint porro iste perferendis. Animi nemo impedit illo laboriosam. Cupiditate nisi iure ut autem temporibus iusto.
Fugit velit autem quisquam vero.",30
Isabel Alves,Rodrigues da Mata,Nobis tempora cum tenetur quis ut inventore. Recusandae eaque ipsam exercitationem minima sint. Aspernatur itaque asperiores animi facilis.,67
Luana Santos,da Cunha,"Ipsa ducimus nihil distinctio labore distinctio sed. Tempora porro id nobis a qui. Quas suscipit numquam illum ipsa quisquam tempore laborum.
Provident a expedita deleniti nihil. Et eos vel.",26
Daniela Nunes,Ribeiro,"Ratione quod accusamus laboriosam. Ex ratione cupiditate occaecati accusamus voluptatem.
Itaque placeat molestias porro. Doloremque temporibus reiciendis dolor quam cupiditate maiores.",74
Lavínia Nunes,Monteiro,Voluptate libero sequi itaque iusto illum debitis. Officiis repellendus accusamus recusandae odio deserunt.,61
João Gabriel Duarte,Rezende das Pedras,"Architecto optio natus dolore laborum facere.
Aut quae iure rem ipsa deleniti inventore. Similique accusantium voluptas repellat. Praesentium illo harum omnis.",89
Bianca da Luz,Alves do Norte,Sunt dolorem odit architecto cum. Vel aperiam sapiente maxime cupiditate.,77
Felipe da Rosa,Jesus,Nisi cum quibusdam. Molestias inventore doloremque reprehenderit.,61
Carolina Duarte,Farias,"Quo illo sint animi adipisci libero. Minus ad non dicta a. Veritatis eum numquam architecto.
Odit amet debitis optio accusantium assumenda.",59
Dra. Sophie Almeida,Dias,Temporibus dolorum dolores est voluptas ea. Quos laboriosam voluptatum qui.,49
Luiza Silva,Costela de Minas,"Labore distinctio molestiae sequi animi iste. Expedita et voluptatem dolorem facilis quibusdam. Aliquid ipsa adipisci molestias.
In exercitationem quasi esse doloremque.",65
Augusto Pinto,Caldeira de da Rosa,"Eaque minima maxime id nulla asperiores. Cum accusantium facere nesciunt sint.
Possimus excepturi facere eum. Amet eligendi eius. Illum quam omnis voluptas. Porro in doloremque nam.",85
Isabel Mendes,Pinto de Alves,Voluptatum commodi distinctio dolorem esse magnam. Ea ducimus ea aliquam excepturi. Consequatur commodi molestias nihil enim.,84
João Lucas Ribeiro,Gomes dos Dourados,Quas voluptatem sequi aliquam autem. Laborum deleniti deleniti ipsum sunt aliquid. Enim maxime consequuntur tempore.,55
Renan Castro,Duarte,Explicabo ducimus numquam architecto excepturi repudiandae laborum ipsa. Repellendus vitae magni ex dignissimos provident dolorum. Facere dolores temporibus voluptate quaerat unde.,68
Amanda da Mata,da Cunha,"Quidem aliquam nesciunt libero est fugiat.
Perferendis cupiditate quas. Commodi iure odit alias. Architecto at nemo odio repudiandae sequi qui.",70
Fernanda Barbosa,Ferreira da Prata,Magni repellat explicabo asperiores. Pariatur maiores pariatur odit distinctio quibusdam dolores dicta. Fugiat nihil quam molestiae.,45
Lavínia Cardoso,Costa Alegre,Accusamus vero amet accusantium ad. Quia iusto ipsa consequatur eos nostrum reprehenderit quisquam. Mollitia consequatur illo rerum nulla blanditiis tempora tempore.,43
Amanda Oliveira,Castro,"Asperiores quasi quia temporibus. Sunt repellendus accusamus quia voluptate. Consequatur in illo placeat magni libero a.
Voluptas quis provident. Sit totam officia doloremque ex consectetur.",38
Rebeca Farias,Fogaça,"Qui amet aut quam corporis dolor. Architecto eaque cumque quo atque corporis.
Voluptatem facere aut repellendus voluptatem adipisci. Eveniet corrupti similique voluptatem odit.",51
Pedro Miguel Castro,Araújo,Sed enim repellendus omnis esse commodi. Nesciunt incidunt placeat placeat dolore eius officiis. Neque soluta quidem rem quo sed.,59
Luana Porto,Silva Paulista,Quibusdam delectus repellendus est. Dolores repellat distinctio veniam.,19
Isabella da Paz,da Paz de da Costa,"Quam id sapiente unde. Cum ducimus esse fuga.
Provident maiores dicta. Architecto eligendi velit. Beatae eaque itaque dolor neque.",51
Lorenzo Melo,Monteiro de Cardoso,Dolore a provident veritatis eos. Aperiam reiciendis nemo natus neque velit nesciunt.,86
Cauê Moraes,da Paz,Voluptate repellendus esse veritatis. Dolorum harum doloremque. Harum itaque nam eligendi iusto pariatur iste.,74
Daniel Ferreira,da Conceição da Serra,"Odit pariatur labore qui non delectus. Cupiditate tempore recusandae repudiandae vel aperiam.
Minus suscipit voluptatem vitae minima. Quae quis ratione corporis.",60
Ana Laura Lima,Fernandes do Norte,Omnis magnam suscipit vitae cum nobis. Quibusdam beatae impedit minima corporis saepe.,40
Davi Barbosa,das Neves de Lopes,"Quisquam dolor molestias nostrum. Repellendus exercitationem debitis aut animi. Sint placeat nam officiis impedit ratione ratione.
Dolore magnam nisi commodi atque labore.",81
Enzo da Cunha,Ramos Verde,Quas debitis quibusdam nostrum ex deserunt ducimus voluptatem. Pariatur dolore nobis maxime quia adipisci.,41
Alexia Silva,Moura da Mata,"Laboriosam mollitia molestias distinctio nihil non. Ex ut nihil dolores. Earum distinctio corporis totam aliquid.
Exercitationem dignissimos voluptatum voluptatibus hic cupiditate.",27
Bernardo Gomes,da Luz,Mollitia reiciendis molestiae quisquam hic. Perspiciatis ea officiis non qui esse consectetur. Quasi quos voluptatum.,25
Lorenzo Carvalho,Fogaça,"Perferendis harum harum adipisci dolores dignissimos. Aliquam blanditiis incidunt excepturi.
Sint quod enim. Blanditiis delectus quod. Porro nemo et qui. Laudantium nisi voluptates debitis.",28
Danilo Barbosa,Costela,Sapiente placeat quam nemo aliquid tempora maiores. Eius consequatur doloremque tenetur doloremque.,73
Vitor Cardoso,Azevedo do Campo,"Assumenda quasi impedit exercitationem sunt. Praesentium blanditiis consectetur ad repudiandae.
Suscipit reiciendis exercitationem sint beatae distinctio consequuntur. Optio suscipit iusto.",61
Enzo Gabriel da Costa,Ferreira,Sequi quis impedit aperiam assumenda. Dolores exercitationem eos et nam impedit. Quia hic voluptates accusantium repudiandae quis quidem. Ex labore amet quae repudiandae.,23
Gabriela Azevedo,Viana,"Sed illo reprehenderit perferendis doloremque.
Veritatis sapiente perferendis tempora molestiae dignissimos officia. Neque ratione accusamus aliquid iusto officiis nulla.",26
Ana Lívia Costa,Costela,Suscipit consequatur fuga temporibus. Dolores rem quas officia pariatur amet inventore. Nemo voluptatum fuga non nostrum illo deserunt.,48
Dra. Emanuelly Vieira,Pinto das Pedras,Animi sequi eos perferendis sunt. Reprehenderit aperiam eveniet sunt magnam vitae.,63
Maitê Gonçalves,Nogueira do Campo,Sint possimus similique in optio. Ipsa recusandae impedit vero. Earum dolores maiores minima sunt.,62
Marina Carvalho,da Costa do Sul,Quasi deserunt itaque voluptates sunt nihil maxime. Nesciunt velit pariatur voluptatum nemo ut.,70
Juan Souza,Fernandes,Optio ex sint ab neque. Quos quibusdam neque consequuntur soluta laboriosam asperiores voluptas. Eligendi dicta repellendus molestias. Illum dignissimos debitis perferendis inventore officiis modi.,76
Thales Carvalho,Azevedo da Praia,Atque repudiandae id iste. Neque necessitatibus repudiandae dignissimos quasi. Harum itaque adipisci fuga commodi reprehenderit voluptatem. Possimus tenetur porro iste incidunt totam.,21
Ana Vitória Gonçalves,Cunha das Pedras,"Aliquam explicabo rerum illum magni placeat.
Omnis unde eius quibusdam illum. Alias cumque laboriosam maxime consectetur maiores esse. Deleniti voluptates hic numquam voluptatem error.",54
Diogo Rezende,Viana de Silveira,Cupiditate tenetur eaque dolore tempore beatae suscipit. Beatae numquam itaque est corporis eius vero. Aspernatur corporis earum temporibus eos esse.,90
Pedro Henrique Vieira,da Rosa,"Cupiditate odit quo explicabo delectus. Laborum id eveniet mollitia eius voluptatem possimus.
Earum incidunt nesciunt repellat fuga magni ex. Vero vel at vel.",75
Camila da Mata,da Costa,Dolor beatae magnam minima sed vero doloribus. Laborum iure quidem officia. Necessitatibus et iure numquam illum ex odit.,51
Luiz Gustavo Silveira,Viana da Mata,"Inventore aspernatur totam.
Aliquid architecto rerum nobis placeat nihil aut.
Itaque ullam repellat sapiente. Odio quo officiis quod odit aperiam.",32
Maria Vitória da Luz,Duarte de Cardoso,Doloribus sunt tempore dolor. Blanditiis ad sint molestiae vel. Aut molestiae unde ipsa. Iste possimus minus repellat totam iusto aut.,81
Ryan Farias,Rezende,Maxime cum ut modi eos recusandae error. Nihil autem sit deleniti quibusdam occaecati dolores. Similique quos iure officiis repellat.,21
Dra. Gabriela Mendes,Silveira do Norte,Nisi qui pariatur deserunt dolores cumque. Fuga harum incidunt aspernatur expedita. Blanditiis tempora ad neque eaque inventore voluptates.,81
João Gabriel Fernandes,Gomes de Goiás,Laborum rem eum adipisci illum quos dignissimos nostrum. Soluta quod officia officiis. Soluta saepe qui sapiente. Velit officia sapiente optio et molestias.,18
Lívia Martins,Carvalho Alegre,"Quia dicta sed praesentium cumque provident debitis placeat.
Molestias dolorum tempore. Repudiandae voluptatem in ipsum.",62
Thomas Barbosa,Dias Paulista,Magnam sint culpa mollitia velit labore. Non similique corrupti autem consequuntur eaque. Facere veniam nam sed aliquam a eveniet laudantium.,25
Alexandre Cardoso,Dias,"Assumenda nisi laborum ex. Rerum modi dolore ad commodi explicabo odit.
Dolorum unde delectus eos culpa. Quia porro doloribus ratione maiores.
Eligendi eveniet praesentium vero consequuntur.",68
Emanuelly da Cunha,Gonçalves,"Possimus ipsa voluptatem sint molestias dignissimos occaecati. Quod enim accusantium.
Repellat atque adipisci rerum commodi.",70
Marcelo Melo,Freitas de Moreira,"Libero dolores nihil nam deleniti mollitia dolorum laboriosam. Eveniet architecto accusamus repudiandae tempora.
Reiciendis dolores eum. Nobis nisi nihil natus beatae necessitatibus.",53
Enrico Nogueira,da Luz Verde,Autem impedit unde nemo quaerat illo aperiam. Veritatis repellendus accusantium ullam. Ad natus distinctio maxime quidem ea explicabo inventore.,23
Igor Novaes,da Mota do Amparo,Repellendus ipsam optio quam dolore autem. Quidem dolore odit molestias eius sit. Praesentium tempora animi culpa error asperiores recusandae.,88
João Gabriel da Cruz,Costela do Campo,"Praesentium enim dicta animi similique. Perspiciatis accusantium nostrum nisi corporis.
Nemo odit sit non minima maiores ab. Iusto consequuntur totam earum.",39
João Azevedo,das Neves do Amparo,"Tenetur eos quod soluta odio. Quam dicta laborum corporis.
Ratione nobis id necessitatibus magni deserunt tempore magni. Totam ut modi enim. Eveniet tempore praesentium distinctio id.",55
Ana Sophia Vieira,Lopes,Quibusdam velit occaecati optio quia omnis consequuntur.,59
Manuela Nunes,da Mota Paulista,"Nostrum eligendi nemo consectetur recusandae porro facilis.
Illo veniam velit culpa assumenda.",73
Pedro Henrique Campos,Cavalcanti,"Eveniet ratione eius soluta. Voluptatem veniam porro ipsum non aperiam facere.
Tenetur soluta reiciendis reiciendis. Error consectetur illo occaecati. Saepe facere illo magni officiis.",62
Vitor Hugo Fernandes,da Luz,A quam earum voluptates consequuntur. Numquam beatae tempora eius libero error.,46
Bianca da Rosa,Sales,"Adipisci totam blanditiis quisquam molestias illo distinctio. Suscipit perferendis distinctio est. Impedit suscipit fugit.
Sapiente rerum a inventore optio nulla. Iusto cupiditate eos voluptatem.",43
Alícia Ferreira,Castro,"Mollitia id a illo animi quas. Suscipit veritatis ratione. Porro soluta possimus reiciendis fugit.
Hic accusamus consectetur eligendi officiis.",21
Maitê Cardoso,Cardoso de Carvalho,Deleniti repudiandae cum numquam delectus quasi cum asperiores. Commodi reprehenderit numquam veniam. Placeat repellendus harum quibusdam ex repellendus esse.,44
Enrico da Mata,Fernandes de Sales,Repellendus perferendis adipisci enim fugiat cumque soluta. Nam aliquid rerum dignissimos amet facere eum. Inventore repellat mollitia harum aspernatur impedit.,89
Dra. Maria Rezende,Barros,"Officiis aspernatur maxime odio. Sed ex nobis reprehenderit enim esse.
Architecto nisi exercitationem omnis omnis dolores. Ea illo aperiam illum ducimus amet. Fugiat aut et doloremque optio.",26
Gustavo Henrique Costa,Freitas da Praia,Tenetur voluptate quaerat voluptates tempore ut quisquam. Iure et nulla fugiat. Unde eum consequuntur sint corrupti nemo ex laudantium.,43
Rodrigo Cardoso,Gonçalves do Galho,"Facere a aspernatur quia perspiciatis. Quod magnam consequatur officia recusandae sequi. Eum odio ut qui commodi.
Voluptatem alias alias possimus ex. Aut ea vero nisi. Dolor facilis non.",42
Otávio Melo,da Paz da Praia,Atque eligendi culpa rem deserunt debitis. Corporis temporibus at assumenda corporis ex iure totam. Dignissimos tempore asperiores quibusdam pariatur exercitationem illo.,77
João Lucas Caldeira,Aragão de Freitas,Qui fugiat cumque sed ratione. Sunt id sint maxime quis ex esse. Vel quam doloribus deleniti ab iste hic. Ad unde maxime ullam inventore autem in.,35
Maysa Rocha,Pinto de Melo,"Assumenda et alias unde aut. Illo provident impedit mollitia reprehenderit eaque.
Veniam est aspernatur sapiente voluptatem eos nobis. Earum dolore illo. Quia sapiente aliquid magnam.",71
Bryan Castro,Aragão de Melo,"Reprehenderit qui tempora dicta ad. Ipsa modi quos impedit ipsam aspernatur.
Deserunt quas pariatur placeat dolores facilis magni. Totam incidunt nulla blanditiis voluptates quia.",39
Erick Oliveira,Rodrigues Verde,Provident repudiandae id quo. Quod suscipit animi nemo nam aperiam iure totam. Rem ea voluptas harum alias.,36
Murilo Pereira,Pinto das Flores,Voluptates soluta magnam eius aspernatur at voluptatibus. Dignissimos vel sit et ea quo. Non neque alias possimus deleniti voluptatem tempore sunt.,39
Yuri Souza,Costela,Itaque earum necessitatibus earum sed impedit qui. Quae consectetur ab. Quibusdam deserunt vero pariatur.,22
Maria Clara Souza,da Luz,"Quibusdam eum praesentium modi. Nobis eius voluptate ea dolores aperiam placeat.
Ea numquam fugit explicabo doloribus aliquid. Laboriosam cumque est nobis totam adipisci officiis.",59
Gustavo Rodrigues,da Rocha do Galho,Saepe neque ipsa velit exercitationem sint amet. Laudantium pariatur dicta quibusdam consequatur rem. Iste dolore sed tenetur facere autem.,29
Emanuel Monteiro,Lima,Possimus doloremque sed odio non labore laborum. Officiis unde harum libero. Aliquam saepe dolores adipisci.,51
Pedro Henrique Farias,Souza de Jesus,Laborum amet ipsa maxime autem reprehenderit temporibus quod. Animi id vel nobis dolorem quae vero.,31
Camila da Cruz,Nogueira,Delectus cupiditate necessitatibus. Adipisci veritatis dolorum consequatur. Veritatis magnam assumenda excepturi ad officia corporis eos.,77
Dr. Leandro Cardoso,Cardoso do Campo,Quo eligendi delectus. Ipsa et quas tempora similique eius. Blanditiis mollitia magnam recusandae.,63
Kevin Gomes,Nogueira de Costa,"Ratione excepturi placeat tempore excepturi.
Sunt ullam perspiciatis consequatur suscipit. Aspernatur officiis in numquam.",73
Bárbara Dias,das Neves,Perspiciatis ipsa voluptatibus natus excepturi aliquid. Harum sed porro quisquam quis. Quam quo occaecati rerum tempora totam.,22
Maria Luiza Fernandes,Martins das Pedras,Voluptatem illo incidunt deleniti sint architecto nulla nobis. Nam laborum architecto nulla ex praesentium. Ratione maxime officia recusandae quasi.,47
Joaquim Teixeira,Teixeira do Sul,Aspernatur ut odio placeat ipsam ipsa reiciendis. Praesentium soluta vel explicabo. Praesentium quo sequi iste impedit.,18
Ana Vitória Pinto,da Cruz do Amparo,"Architecto porro dolore nobis nemo. Architecto totam delectus voluptate ut.
Occaecati fuga odit ea cum adipisci illum. Qui asperiores aperiam cumque magni quos. Necessitatibus officiis animi.",53
Dra. Rebeca Viana,Porto,"Et maxime voluptate ad. Eveniet libero exercitationem facere.
Maxime repudiandae molestias ullam. Odio porro quasi. Mollitia voluptatem reprehenderit nisi labore molestiae.",34
João Lucas Araújo,Silva do Amparo,"Quidem eligendi illum corrupti. Quidem nesciunt sit nobis veniam. Odio id quasi est ab minus explicabo.
Mollitia officiis occaecati tempore fugit. Harum inventore quae beatae aut.",59
Dr. Thales Rocha,Vieira de Goiás,"Magnam optio sit maiores quo.
Illo ut voluptas ratione. Architecto quisquam quod officia eligendi. Cumque placeat ex nostrum.",50
